-- phpMyAdmin SQL Dump
-- version 2.11.4
-- http://www.phpmyadmin.net
--
-- Host: localhost
-- Erstellungszeit: 09. Juni 2008 um 23:00
-- Server Version: 5.0.51
-- PHP-Version: 5.2.5

SET FOREIGN_KEY_CHECKS=0;

SET SQL_MODE="NO_AUTO_VALUE_ON_ZERO";

--
-- Datenbank: `TimeRecording`
--

-- --------------------------------------------------------

--
-- Tabellenstruktur für Tabelle `tr_bookings`
--
-- Erzeugt am: 07. Juni 2008 um 13:19
--

DROP TABLE IF EXISTS `tr_bookings`;
CREATE TABLE IF NOT EXISTS `tr_bookings` (
  `bookid` int(11) unsigned NOT NULL auto_increment COMMENT 'BuchungsID',
  `mid` int(11) unsigned NOT NULL COMMENT 'MitarbeiterID',
  `symid` int(11) unsigned NOT NULL COMMENT 'SymbolID',
  `stamp` timestamp NOT NULL default CURRENT_TIMESTAMP COMMENT 'Zeitstempel',
  PRIMARY KEY  (`bookid`),
  KEY `symid` (`symid`),
  KEY `mid` (`mid`)
) ENGINE=InnoDB  DEFAULT CHARSET=latin1 COLLATE=latin1_general_ci COMMENT='Zeitbuchungen' AUTO_INCREMENT=351 ;

--
-- RELATIONEN DER TABELLE `tr_bookings`:
--   `mid`
--       `tr_users` -> `mid`
--   `symid`
--       `tr_symbols` -> `symid`
--

--
-- Daten für Tabelle `tr_bookings`
--

INSERT INTO `tr_bookings` (`bookid`, `mid`, `symid`, `stamp`) VALUES
(0, 2, 1, '2008-06-04 08:00:01'),
(2, 1, 1, '2008-06-06 21:52:11'),
(3, 1, 2, '2008-06-06 21:54:52'),
(4, 2, 1, '2008-06-07 14:56:57'),
(6, 2, 2, '2008-06-07 14:57:17'),
(7, 2, 1, '2008-06-07 15:20:00'),
(8, 2, 2, '2008-06-07 15:20:03'),
(11, 2, 1, '2008-06-07 15:20:12'),
(13, 2, 2, '2008-06-07 15:22:50'),
(16, 0, 1, '2008-06-07 15:23:20'),
(17, 0, 2, '2008-06-07 15:23:21'),
(18, 0, 1, '2008-06-07 15:23:22'),
(19, 0, 1, '2008-06-07 15:23:23'),
(24, 0, 1, '2008-06-07 15:23:34'),
(25, 0, 1, '2008-06-07 15:23:35'),
(26, 0, 2, '2008-06-07 15:23:37'),
(28, 0, 2, '2008-06-07 15:23:40'),
(30, 0, 1, '2008-06-07 15:23:44'),
(31, 0, 1, '2008-06-07 15:23:45'),
(32, 2, 1, '2008-06-07 15:24:01'),
(34, 2, 1, '2008-06-07 15:26:41'),
(35, 2, 1, '2008-06-07 15:26:43'),
(36, 2, 1, '2008-06-07 15:27:20'),
(37, 2, 2, '2008-06-07 15:27:22'),
(39, 1, 1, '2008-06-07 15:29:12'),
(43, 1, 2, '2008-06-07 15:29:23'),
(44, 1, 1, '2008-06-07 15:29:25'),
(45, 1, 2, '2008-06-07 15:52:29'),
(46, 1, 1, '2008-06-07 15:52:31'),
(47, 1, 1, '2008-06-07 15:52:32'),
(48, 2, 1, '2008-06-07 18:19:04'),
(49, 2, 1, '2008-06-07 18:19:04'),
(50, 2, 2, '2008-06-07 18:19:07'),
(53, 2, 2, '2008-06-07 20:41:25'),
(54, 2, 1, '2008-06-07 20:41:29'),
(55, 2, 1, '2008-06-07 20:41:30'),
(56, 2, 1, '2008-06-07 20:41:30'),
(57, 2, 1, '2008-06-07 20:41:31'),
(58, 2, 1, '2008-06-08 11:01:48'),
(59, 2, 1, '2008-06-08 11:01:49'),
(60, 2, 2, '2008-06-08 11:01:50'),
(63, 1, 1, '2008-06-08 11:08:11'),
(64, 1, 1, '2008-06-08 11:08:14'),
(66, 2, 2, '2008-06-08 11:59:08'),
(68, 2, 1, '2008-06-08 11:59:12'),
(69, 2, 1, '2008-06-08 11:59:14'),
(70, 2, 1, '2008-06-08 12:53:00'),
(74, 2, 1, '2008-06-08 13:16:49'),
(75, 2, 1, '2008-06-08 13:16:50'),
(77, 1, 1, '2008-06-08 13:18:23'),
(78, 2, 2, '2008-06-08 13:24:44'),
(79, 2, 1, '2008-06-08 13:28:51'),
(80, 1, 1, '2008-06-08 13:42:45'),
(84, 2, 1, '2008-06-08 18:52:13'),
(85, 0, 2, '2008-06-08 18:52:58'),
(86, 0, 1, '2008-06-08 18:53:00'),
(87, 0, 1, '2008-06-08 18:53:03'),
(89, 1, 1, '2008-06-08 18:53:17'),
(90, 1, 2, '2008-06-08 18:53:19'),
(93, 1, 1, '2008-06-08 18:53:34'),
(94, 2, 2, '2008-06-08 19:00:57'),
(96, 2, 1, '2008-06-08 19:10:37'),
(97, 2, 1, '2008-06-08 19:21:32'),
(98, 2, 1, '2008-06-08 20:18:22'),
(99, 2, 1, '2008-06-08 20:18:22'),
(100, 2, 2, '2008-06-08 20:18:25'),
(101, 2, 1, '2008-06-08 20:18:26'),
(102, 2, 1, '2008-06-08 20:18:26'),
(103, 2, 1, '2008-06-08 20:18:27'),
(104, 2, 1, '2008-06-08 20:18:28'),
(105, 2, 1, '2008-06-08 20:18:29'),
(106, 2, 1, '2008-06-08 20:18:30'),
(107, 2, 1, '2008-06-08 20:18:30'),
(108, 2, 1, '2008-06-08 20:18:31'),
(112, 2, 1, '2008-06-08 20:18:40'),
(113, 2, 2, '2008-06-08 20:18:44'),
(114, 2, 2, '2008-06-08 20:18:44'),
(117, 1, 1, '2008-06-08 20:54:28'),
(118, 1, 2, '2008-06-08 20:54:29'),
(148, 1, 1, '2008-06-08 21:01:25'),
(149, 1, 2, '2008-06-08 21:01:28'),
(150, 1, 2, '2008-06-08 21:01:39'),
(168, 1, 1, '2008-06-08 21:04:18'),
(169, 1, 2, '2008-06-08 21:04:20'),
(170, 1, 2, '2008-06-08 21:04:23'),
(171, 1, 1, '2008-06-08 21:04:25'),
(173, 1, 1, '2008-06-08 21:04:50'),
(174, 1, 2, '2008-06-08 21:04:52'),
(175, 1, 2, '2008-06-08 21:05:00'),
(177, 1, 1, '2008-06-08 21:05:03'),
(178, 2, 1, '2008-06-08 21:07:20'),
(179, 2, 1, '2008-06-08 21:07:20'),
(180, 2, 1, '2008-06-08 21:07:21'),
(181, 1, 1, '2008-06-08 21:11:46'),
(182, 0, 2, '2008-06-08 21:11:57'),
(184, 0, 1, '2008-06-08 21:12:00'),
(186, 1, 1, '2008-06-08 21:12:33'),
(187, 1, 2, '2008-06-08 21:12:34'),
(189, 0, 1, '2008-06-08 21:17:36'),
(190, 0, 2, '2008-06-08 21:18:40'),
(192, 2, 2, '2008-06-08 21:45:40'),
(193, 2, 1, '2008-06-08 21:45:43'),
(194, 2, 1, '2008-06-08 21:45:46'),
(195, 2, 2, '2008-06-08 21:45:47'),
(196, 2, 1, '2008-06-08 21:45:48'),
(197, 2, 1, '2008-06-08 21:45:49'),
(198, 2, 2, '2008-06-08 21:45:50'),
(199, 1, 1, '2008-06-08 21:51:09'),
(200, 1, 2, '2008-06-08 21:51:11'),
(201, 1, 2, '2008-06-08 21:52:48'),
(202, 1, 2, '2008-06-08 21:55:47'),
(203, 1, 2, '2008-06-08 21:55:48'),
(204, 1, 2, '2008-06-08 21:55:49'),
(205, 1, 2, '2008-06-08 21:55:53'),
(206, 1, 2, '2008-06-08 21:56:05'),
(207, 1, 1, '2008-06-08 21:56:42'),
(208, 1, 1, '2008-06-08 21:58:13'),
(209, 1, 1, '2008-06-08 21:58:14'),
(210, 1, 2, '2008-06-08 21:58:15'),
(211, 1, 2, '2008-06-08 21:58:16'),
(212, 1, 1, '2008-06-08 21:58:21'),
(213, 1, 1, '2008-06-08 21:58:23'),
(214, 1, 1, '2008-06-08 21:58:24'),
(215, 1, 2, '2008-06-08 21:58:25'),
(216, 1, 2, '2008-06-08 21:58:48'),
(217, 1, 1, '2008-06-08 21:59:16'),
(218, 1, 1, '2008-06-08 21:59:17'),
(219, 1, 1, '2008-06-08 21:59:28'),
(220, 1, 1, '2008-06-08 21:59:45'),
(221, 1, 1, '2008-06-08 22:00:55'),
(222, 1, 1, '2008-06-08 22:00:56'),
(223, 1, 2, '2008-06-08 22:00:57'),
(224, 1, 2, '2008-06-08 22:00:58'),
(225, 1, 2, '2008-06-08 22:01:25'),
(226, 1, 1, '2008-06-08 22:04:14'),
(227, 1, 2, '2008-06-08 22:05:02'),
(228, 1, 1, '2008-06-08 22:05:04'),
(229, 1, 2, '2008-06-08 22:05:05'),
(230, 1, 1, '2008-06-08 22:05:06'),
(231, 1, 2, '2008-06-08 22:06:04'),
(232, 1, 1, '2008-06-08 22:09:52'),
(233, 1, 2, '2008-06-08 22:09:55'),
(234, 1, 1, '2008-06-08 22:10:33'),
(235, 1, 2, '2008-06-08 22:10:57'),
(236, 1, 1, '2008-06-08 22:10:58'),
(237, 1, 2, '2008-06-08 22:11:01'),
(238, 1, 1, '2008-06-08 22:11:52'),
(239, 1, 2, '2008-06-08 22:11:53'),
(240, 1, 1, '2008-06-08 22:11:56'),
(241, 1, 2, '2008-06-08 22:12:28'),
(242, 1, 1, '2008-06-08 22:12:30'),
(243, 1, 2, '2008-06-08 22:12:31'),
(244, 1, 1, '2008-06-08 22:12:44'),
(245, 1, 2, '2008-06-08 22:12:45'),
(246, 1, 1, '2008-06-08 22:12:47'),
(247, 1, 2, '2008-06-08 22:12:48'),
(248, 1, 1, '2008-06-08 22:22:42'),
(249, 1, 2, '2008-06-08 22:31:17'),
(250, 2, 1, '2008-06-09 06:47:38'),
(251, 2, 2, '2008-06-09 07:05:55'),
(252, 2, 1, '2008-06-09 07:05:55'),
(253, 2, 2, '2008-06-09 07:12:07'),
(254, 2, 1, '2008-06-09 07:12:13'),
(255, 2, 2, '2008-06-09 07:12:15'),
(256, 0, 1, '2008-06-09 07:16:20'),
(257, 1, 1, '2008-06-09 07:20:30'),
(258, 1, 2, '2008-06-09 07:20:43'),
(259, 1, 1, '2008-06-09 07:20:46'),
(260, 1, 2, '2008-06-09 07:50:58'),
(261, 1, 1, '2008-06-09 07:50:58'),
(262, 0, 2, '2008-06-09 07:55:07'),
(263, 0, 1, '2008-06-09 07:55:24'),
(264, 0, 2, '2008-06-09 07:55:24'),
(265, 0, 1, '2008-06-09 07:55:25'),
(266, 1, 2, '2008-06-09 08:10:16'),
(267, 1, 1, '2008-06-09 08:10:19'),
(268, 2, 1, '2008-06-09 08:10:33'),
(269, 1, 2, '2008-06-09 08:20:31'),
(270, 0, 2, '2008-06-09 08:20:37'),
(271, 0, 1, '2008-06-09 08:20:40'),
(272, 2, 2, '2008-06-09 08:20:48'),
(273, 2, 1, '2008-06-09 08:20:50'),
(274, 2, 2, '2008-06-09 08:28:30'),
(275, 2, 1, '2008-06-09 08:32:35'),
(276, 2, 2, '2008-06-09 08:32:54'),
(277, 1, 1, '2008-06-09 13:48:50'),
(278, 1, 2, '2008-06-09 14:03:27'),
(279, 1, 1, '2008-06-09 14:03:29'),
(280, 1, 2, '2008-06-09 14:09:09'),
(281, 1, 1, '2008-06-09 14:09:11'),
(282, 1, 2, '2008-06-09 14:11:26'),
(283, 1, 1, '2008-06-09 14:12:16'),
(284, 2, 1, '2008-06-09 14:18:06'),
(285, 2, 2, '2008-06-09 14:18:07'),
(286, 1, 2, '2008-06-09 14:21:05'),
(287, 1, 1, '2008-06-09 14:21:06'),
(288, 1, 2, '2008-06-09 14:21:09'),
(289, 2, 1, '2008-06-09 14:21:43'),
(290, 2, 2, '2008-06-09 14:21:48'),
(291, 2, 1, '2008-06-09 14:21:48'),
(292, 2, 2, '2008-06-09 14:21:49'),
(293, 2, 1, '2008-06-09 14:21:49'),
(294, 2, 2, '2008-06-09 14:21:50'),
(295, 2, 1, '2008-06-09 14:21:50'),
(296, 2, 2, '2008-06-09 14:21:51'),
(297, 2, 1, '2008-06-09 14:21:51'),
(298, 2, 2, '2008-06-09 14:21:52'),
(299, 2, 1, '2008-06-09 14:21:53'),
(300, 2, 2, '2008-06-09 14:21:54'),
(301, 2, 1, '2008-06-09 14:21:54'),
(302, 2, 2, '2008-06-09 14:21:55'),
(303, 2, 1, '2008-06-09 14:21:55'),
(304, 2, 2, '2008-06-09 14:21:56'),
(305, 2, 1, '2008-06-09 14:21:56'),
(306, 2, 2, '2008-06-09 14:21:57'),
(307, 2, 1, '2008-06-09 14:21:57'),
(308, 2, 2, '2008-06-09 14:21:58'),
(309, 2, 1, '2008-06-09 14:21:59'),
(310, 2, 2, '2008-06-09 14:21:59'),
(311, 2, 1, '2008-06-09 14:22:00'),
(312, 2, 2, '2008-06-09 14:22:00'),
(313, 2, 1, '2008-06-09 14:22:01'),
(314, 2, 2, '2008-06-09 14:22:01'),
(315, 2, 1, '2008-06-09 14:22:02'),
(316, 2, 2, '2008-06-09 14:22:02'),
(317, 2, 2, '2008-06-09 14:22:03'),
(318, 2, 1, '2008-06-09 14:22:04'),
(319, 2, 2, '2008-06-09 14:22:04'),
(320, 2, 1, '2008-06-09 14:22:04'),
(321, 2, 2, '2008-06-09 14:22:05'),
(322, 2, 1, '2008-06-09 14:22:05'),
(323, 2, 2, '2008-06-09 14:22:06'),
(324, 2, 1, '2008-06-09 14:22:06'),
(325, 2, 1, '2008-06-09 14:22:07'),
(326, 2, 2, '2008-06-09 14:22:08'),
(327, 2, 1, '2008-06-09 14:22:08'),
(328, 2, 2, '2008-06-09 14:22:09'),
(329, 2, 1, '2008-06-09 14:22:10'),
(330, 2, 2, '2008-06-09 14:22:11'),
(331, 2, 1, '2008-06-09 14:22:11'),
(332, 2, 2, '2008-06-09 14:22:12'),
(333, 2, 1, '2008-06-09 14:22:12'),
(334, 2, 2, '2008-06-09 14:22:13'),
(335, 2, 1, '2008-06-09 14:22:13'),
(336, 2, 2, '2008-06-09 14:22:23'),
(337, 2, 1, '2008-06-09 14:22:23'),
(338, 2, 2, '2008-06-09 14:22:24'),
(339, 2, 1, '2008-06-09 14:22:24'),
(340, 2, 2, '2008-06-09 14:22:26'),
(341, 2, 1, '2008-06-09 14:22:28'),
(342, 2, 2, '2008-06-09 14:22:28'),
(343, 1, 1, '2008-06-09 14:22:52'),
(344, 1, 2, '2008-06-09 14:22:54'),
(345, 1, 1, '2008-06-09 14:22:56'),
(346, 1, 2, '2008-06-09 14:22:56'),
(347, 1, 1, '2008-06-09 14:22:57'),
(348, 2, 1, '2008-06-09 18:49:58'),
(349, 2, 2, '2008-06-09 18:50:06'),
(350, 2, 1, '2008-06-09 18:52:17');

-- --------------------------------------------------------

--
-- Tabellenstruktur für Tabelle `tr_groups`
--
-- Erzeugt am: 07. Juni 2008 um 13:19
--

DROP TABLE IF EXISTS `tr_groups`;
CREATE TABLE IF NOT EXISTS `tr_groups` (
  `gid` int(11) unsigned NOT NULL COMMENT 'GruppenID',
  `groupname` varchar(128) collate latin1_general_ci NOT NULL COMMENT 'Gruppenname',
  PRIMARY KEY  (`gid`)
) ENGINE=InnoDB DEFAULT CHARSET=latin1 COLLATE=latin1_general_ci COMMENT='Benutzergruppen';

--
-- Daten für Tabelle `tr_groups`
--

INSERT INTO `tr_groups` (`gid`, `groupname`) VALUES
(0, 'Administrator'),
(1, 'Gast'),
(2, 'Mitarbeiter'),
(3, 'Buchhaltung');

-- --------------------------------------------------------

--
-- Tabellenstruktur für Tabelle `tr_symbols`
--
-- Erzeugt am: 07. Juni 2008 um 13:19
--

DROP TABLE IF EXISTS `tr_symbols`;
CREATE TABLE IF NOT EXISTS `tr_symbols` (
  `symid` int(11) unsigned NOT NULL auto_increment COMMENT 'SymbolID',
  `symbolname` varchar(128) collate latin1_general_ci NOT NULL COMMENT 'Symbolname',
  PRIMARY KEY  (`symid`)
) ENGINE=InnoDB  DEFAULT CHARSET=latin1 COLLATE=latin1_general_ci COMMENT='Buchungssymbole' AUTO_INCREMENT=5 ;

--
-- Daten für Tabelle `tr_symbols`
--

INSERT INTO `tr_symbols` (`symid`, `symbolname`) VALUES
(1, 'Kommen'),
(2, 'Gehen');

-- --------------------------------------------------------

--
-- Tabellenstruktur für Tabelle `tr_templates`
--
-- Erzeugt am: 07. Juni 2008 um 13:19
--

DROP TABLE IF EXISTS `tr_templates`;
CREATE TABLE IF NOT EXISTS `tr_templates` (
  `file` varchar(128) collate utf8_bin NOT NULL COMMENT 'Dateiname',
  `content` text collate utf8_bin NOT NULL COMMENT 'Quelltext',
  PRIMARY KEY  (`file`)
) ENGINE=InnoDB DEFAULT CHARSET=utf8 COLLATE=utf8_bin COMMENT='HTML-Templates';

--
-- Daten für Tabelle `tr_templates`
--

INSERT INTO `tr_templates` (`file`, `content`) VALUES
('index.html', 0x3c21444f43545950452068746d6c205055424c494320222d2f2f5733432f2f445444205848544d4c20312e30205472616e736974696f6e616c2f2f454e222022687474703a2f2f7777772e77332e6f72672f54522f7868746d6c312f4454442f7868746d6c312d7472616e736974696f6e616c2e647464223e0d0a3c68746d6c20786d6c3a6c616e673d22646522206c616e673d2264652220786d6c6e733d22687474703a2f2f7777772e77332e6f72672f313939392f7868746d6c223e0d0a3c212d2d0d0a202a2043726561746564206f6e2032382e30352e323030380d0a2d2d3e0d0a3c686561643e0d0a3c7469746c653e54696d655265636f7264696e67202d202655756d6c3b62657273696368743c2f7469746c653e0d0a3c6d65746120687474702d65717569763d22636f6e74656e742d7374796c652d747970652220636f6e74656e743d22746578742f6373733b20636861727365743d5554462d3822202f3e0d0a3c6d65746120687474702d65717569763d22636f6e74656e742d7363726970742d74797065220d0a09636f6e74656e743d22746578742f6a6176617363726970743b20636861727365743d5554462d3822202f3e0d0a3c6d65746120687474702d65717569763d22636f6e74656e742d747970652220636f6e74656e743d22746578742f7868746d6c3b20636861727365743d5554462d3822202f3e0d0a3c6d65746120687474702d65717569763d22636f6e74656e742d6c616e67756167652220636f6e74656e743d22646522202f3e0d0a3c6d65746120687474702d65717569763d22657870697265732220636f6e74656e743d223022202f3e0d0a3c6d65746120687474702d65717569763d22707261676d612220636f6e74656e743d226e6f2d636163686522202f3e0d0a3c6d657461206e616d653d22726576697369742220636f6e74656e743d2261667465722031206461797322202f3e0d0a3c6d657461206e616d653d22726576697369742d61667465722220636f6e74656e743d2231206461797322202f3e0d0a3c6d657461206e616d653d2261756469656e63652220636f6e74656e743d22616c6c22202f3e0d0a3c6d657461206e616d653d22726f626f74732220636f6e74656e743d22696e6465782c666f6c6c6f7722202f3e0d0a3c6d657461206e616d653d226c616e67756167652220636f6e74656e743d22646522202f3e0d0a3c6d657461206e616d653d22636f6e74656e742d6c616e67756167652220636f6e74656e743d22646522202f3e0d0a3c6d657461206e616d653d2267656e657261746f722220636f6e74656e743d224563706c697065205048502049444520332e332e3222202f3e0d0a3c6c696e6b20747970653d22746578742f637373222072656c3d227374796c6573686565742220687265663d222e2f7374796c657368656574732f696e6465782e63737322202f3e0d0a3c6c696e6b20747970653d22746578742f637373222072656c3d227374796c6573686565742220687265663d222e2f7374796c657368656574732f6d656e752e63737322202f3e0d0a3c6c696e6b20747970653d22746578742f637373222072656c3d227374796c6573686565742220687265663d222e2f7374796c657368656574732f77696e646f772e63737322202f3e0d0a3c6c696e6b207265763d22686f6d652220687265663d222e2f2220747970653d22746578742f68746d6c22207469746c653d22696e64657822202f3e0d0a3c6c696e6b2072656c3d2269636f6e2220687265663d222e2f66617669636f6e2e69636f2220747970653d22696d6167652f782d69636f6e22202f3e0d0a3c6c696e6b2072656c3d2273686f72746375742069636f6e2220687265663d222e2f66617669636f6e2e69636f2220747970653d22696d6167652f782d69636f6e22202f3e0d0a3c736372697074206c616e67756167653d226a6176617363726970742220747970653d22746578742f6a61766173637269707422207372633d222e2f736372697074732f7374616e646172642e6a73223e3c2f7363726970743e0d0a3c736372697074206c616e67756167653d226a6176617363726970742220747970653d22746578742f6a61766173637269707422207372633d222e2f736372697074732f6578706c6f7265722e6a73223e3c2f7363726970743e0d0a3c2f686561643e0d0a3c626f64793e0d0a3c212d2d202a2a2a2a2a2a2a2a2a2a2a2a2a20544f50204d454e5520424152202a2a2a2a2a2a2a2a2a2a2a2a2a202d2d3e0d0a3c6469762069643d226d656e75223e3c212d2d4d454e552d2d3e3c2f6469763e0d0a3c212d2d202a2a2a2a2a2a2a2a2a2a2a2a2a20484953544f52592057494e444f5753202a2a2a2a2a2a2a2a2a2a202d2d3e0d0a3c64697620636c6173733d2277696e220d0a097374796c653d2277696474683a2034383070783b206865696768743a2035303070783b206c6566743a20313070783b20746f703a20353070783b223e0d0a3c64697620636c6173733d2277696e5f636f726e65725f6c74223e3c2f6469763e0d0a3c64697620636c6173733d2277696e5f62675f746f7022207374796c653d2277696474683a2034343070783b223e522675756d6c3b636b626c69636b3c2f6469763e0d0a3c64697620636c6173733d2277696e5f636f726e65725f7274223e3c2f6469763e0d0a3c627220636c6561723d22616c6c22202f3e0d0a3c64697620636c6173733d2277696e5f62675f6c65667422207374796c653d226865696768743a2032373070783b223e3c2f6469763e0d0a3c64697620636c6173733d2277696e5f62675f63656e74657222207374796c653d2277696474683a2034343070783b206865696768743a2032373070783b223e3c212d2d484953544f52595f444154412d2d3e0d0a3c2f6469763e0d0a3c64697620636c6173733d2277696e5f62675f726967687422207374796c653d226865696768743a2032373070783b223e3c2f6469763e0d0a3c627220636c6561723d22616c6c22202f3e0d0a3c64697620636c6173733d2277696e5f62675f6c6566743222207374796c653d226865696768743a2031353070783b223e3c2f6469763e0d0a3c64697620636c6173733d2277696e5f62675f63656e7465723222207374796c653d2277696474683a2034343070783b206865696768743a2031353070783b223e0d0a3c6872202f3e0d0a3c64697620636c6173733d2277696e5f61747472223e53756d6d65206c617566656e646520576f6368653c2f6469763e0d0a3c64697620636c6173733d2277696e5f76616c7565223e3c212d2d53554d5f5745454b5f4e4f572d2d3e3c2f6469763e0d0a3c627220636c6561723d22616c6c22202f3e0d0a3c64697620636c6173733d2277696e5f61747472223e53756d6d65206c617566656e646572204d6f6e61743c2f6469763e0d0a3c64697620636c6173733d2277696e5f76616c7565223e3c212d2d53554d5f4d4f4e54485f4e4f572d2d3e3c2f6469763e0d0a3c627220636c6561723d22616c6c22202f3e0d0a3c64697620636c6173733d2277696e5f61747472223e53756d6d65206c65747a746520576f6368653c2f6469763e0d0a3c64697620636c6173733d2277696e5f76616c7565223e3c212d2d53554d5f5745454b5f4c4153542d2d3e3c2f6469763e0d0a3c627220636c6561723d22616c6c22202f3e0d0a3c64697620636c6173733d2277696e5f61747472223e53756d6d65206c65747a746572204d6f6e61743c2f6469763e0d0a3c64697620636c6173733d2277696e5f76616c7565223e3c212d2d53554d5f4d4f4e54485f4c4153542d2d3e3c2f6469763e0d0a3c627220636c6561723d22616c6c22202f3e0d0a3c6872202f3e0d0a3c2f6469763e0d0a3c64697620636c6173733d2277696e5f62675f72696768743222207374796c653d226865696768743a2031353070783b223e3c2f6469763e0d0a3c627220636c6561723d22616c6c22202f3e0d0a3c64697620636c6173733d2277696e5f636f726e65725f6c62223e3c2f6469763e0d0a3c64697620636c6173733d2277696e5f62675f626f74746f6d22207374796c653d2277696474683a2034343070783b223e3c2f6469763e0d0a3c64697620636c6173733d2277696e5f636f726e65725f7262223e3c2f6469763e0d0a3c2f6469763e0d0a3c212d2d202a2a2a2a2a2a2a2a2a2a2a2a2a205553455220444154412057494e444f57202a2a2a2a2a2a2a2a2a202d2d3e0d0a3c64697620636c6173733d2277696e220d0a097374796c653d2277696474683a2034383070783b206865696768743a2033303070783b206c6566743a2035303070783b20746f703a20353070783b223e0d0a3c64697620636c6173733d2277696e5f636f726e65725f6c74223e3c2f6469763e0d0a3c64697620636c6173733d2277696e5f62675f746f7022207374796c653d2277696474683a2034343070783b223e42656e75747a6572646174656e3c2f6469763e0d0a3c64697620636c6173733d2277696e5f636f726e65725f7274223e3c2f6469763e0d0a3c627220636c6561723d22616c6c22202f3e0d0a3c64697620636c6173733d2277696e5f62675f6c65667422207374796c653d226865696768743a2032303070783b223e3c2f6469763e0d0a3c64697620636c6173733d2277696e5f62675f63656e74657222207374796c653d2277696474683a2034343070783b206865696768743a2032303070783b223e0d0a3c64697620636c6173733d2277696e5f61747472223e4d697461726265697465722d49443c2f6469763e0d0a3c64697620636c6173733d2277696e5f76616c7565223e3c212d2d4d49442d2d3e3c2f6469763e0d0a3c627220636c6561723d22616c6c22202f3e0d0a3c6872202f3e0d0a3c64697620636c6173733d2277696e5f61747472223e566f726e616d653c2f6469763e0d0a3c64697620636c6173733d2277696e5f76616c7565223e3c212d2d46495253545f4e414d452d2d3e3c2f6469763e0d0a3c627220636c6561723d22616c6c22202f3e0d0a3c6872202f3e0d0a3c64697620636c6173733d2277696e5f61747472223e4e6163686e616d653c2f6469763e0d0a3c64697620636c6173733d2277696e5f76616c7565223e3c212d2d4c4153545f4e414d452d2d3e3c2f6469763e0d0a3c627220636c6561723d22616c6c22202f3e0d0a3c6872202f3e0d0a3c64697620636c6173733d2277696e5f61747472223e42656e75747a65726e616d653c2f6469763e0d0a3c64697620636c6173733d2277696e5f76616c7565223e3c212d2d4c4f47494e5f4e414d452d2d3e3c2f6469763e0d0a3c627220636c6561723d22616c6c22202f3e0d0a3c6872202f3e0d0a3c64697620636c6173733d2277696e5f61747472223e49502d416472657373653c2f6469763e0d0a3c64697620636c6173733d2277696e5f76616c7565223e3c212d2d49502d2d3e3c2f6469763e0d0a3c627220636c6561723d22616c6c22202f3e0d0a3c6872202f3e0d0a3c64697620636c6173733d2277696e5f61747472223e4772757070656e6e616d653c2f6469763e0d0a3c64697620636c6173733d2277696e5f76616c7565223e3c212d2d47524f55505f4e414d452d2d3e3c2f6469763e0d0a3c627220636c6561723d22616c6c22202f3e0d0a3c6872202f3e0d0a3c2f6469763e0d0a3c64697620636c6173733d2277696e5f62675f726967687422207374796c653d226865696768743a2032303070783b223e3c2f6469763e0d0a3c627220636c6561723d22616c6c22202f3e0d0a3c64697620636c6173733d2277696e5f636f726e65725f6c62223e3c2f6469763e0d0a3c64697620636c6173733d2277696e5f62675f626f74746f6d22207374796c653d2277696474683a2034343070783b223e3c2f6469763e0d0a3c64697620636c6173733d2277696e5f636f726e65725f7262223e3c2f6469763e0d0a3c2f6469763e0d0a3c212d2d202a2a2a2a2a2a2a2a2a2a2a2a2a2055534552204d455353414745532057494e444f57202a2a2a2a2a202d2d3e0d0a3c64697620636c6173733d2277696e220d0a097374796c653d2277696474683a2034383070783b206865696768743a2032323070783b206c6566743a2035303070783b20746f703a2033353070783b223e0d0a3c64697620636c6173733d2277696e5f636f726e65725f6c74223e3c2f6469763e0d0a3c64697620636c6173733d2277696e5f62675f746f7022207374796c653d2277696474683a2034343070783b223e4d69747465696c756e67656e3c2f6469763e0d0a3c64697620636c6173733d2277696e5f636f726e65725f7274223e3c2f6469763e0d0a3c627220636c6561723d22616c6c22202f3e0d0a3c64697620636c6173733d2277696e5f62675f6c65667422207374796c653d226865696768743a2031323070783b223e3c2f6469763e0d0a3c64697620636c6173733d2277696e5f62675f63656e74657222207374796c653d2277696474683a2034343070783b206865696768743a2031323070783b223e0d0a3c7370616e20636c6173733d2274696d657273223e3c212d2d54494d4552532d2d3e3c2f7370616e3e0d0a3c68722f3e0d0a3c7370616e20636c6173733d226572726f7273223e3c212d2d4552524f52532d2d3e3c2f7370616e3e0d0a3c2f6469763e0d0a3c64697620636c6173733d2277696e5f62675f726967687422207374796c653d226865696768743a2031323070783b223e3c2f6469763e0d0a3c627220636c6561723d22616c6c22202f3e0d0a3c64697620636c6173733d2277696e5f636f726e65725f6c62223e3c2f6469763e0d0a3c64697620636c6173733d2277696e5f62675f626f74746f6d22207374796c653d2277696474683a2034343070783b223e3c2f6469763e0d0a3c64697620636c6173733d2277696e5f636f726e65725f7262223e3c2f6469763e0d0a3c2f6469763e0d0a3c212d2d202a2a2a2a2a2a2a2a2a2a2a2a2a20464f4f544552202a2a2a2a2a2a2a2a2a2a2a2a2a2a2a2a2a2a2a202d2d3e0d0a3c6469762069643d22666f6f746572223e3c610d0a09687265663d22687474703a2f2f76616c696461746f722e77332e6f72672f636865636b3f7572693d7265666572657226616d703b646f63747970653d496e6c696e6526616d703b73733d3126616d703b6f75746c696e653d3126616d703b67726f75703d3026616d703b4e6f3230303d3126616d703b766572626f73653d3126616d703b73743d31220d0a097461726765743d225f626c616e6b22207469746c653d2256616c6964205848544d4c20312e30223e203c696d67207374796c653d22626f726465723a206e6f6e65220d0a097372633d222e2f696d616765732f76616c69645f7868746d6c2e706e672220616c743d2256616c6964205848544d4c20312e30222077696474683d223830220d0a096865696768743d22313522202f3e3c2f613e266e6273703b3c610d0a09687265663d22687474703a2f2f6a69677361772e77332e6f72672f6373732d76616c696461746f722f636865636b2f7265666572657222207461726765743d225f626c616e6b220d0a097469746c653d2256616c69642043535320322e31223e203c696d67207374796c653d22626f726465723a206e6f6e65220d0a097372633d222e2f696d616765732f76616c69645f6373732e706e672220616c743d2256616c69642043535320322e31222077696474683d22383022206865696768743d22313522202f3e0d0a3c2f613e3c2f6469763e0d0a3c2f626f64793e0d0a3c2f68746d6c3e),
('login.html', 0x3c21444f43545950452068746d6c205055424c494320222d2f2f5733432f2f445444205848544d4c20312e30205472616e736974696f6e616c2f2f454e222022687474703a2f2f7777772e77332e6f72672f54522f7868746d6c312f4454442f7868746d6c312d7472616e736974696f6e616c2e647464223e0d0a3c68746d6c20786d6c3a6c616e673d22646522206c616e673d2264652220786d6c6e733d22687474703a2f2f7777772e77332e6f72672f313939392f7868746d6c223e0d0a3c212d2d0d0a202a2043726561746564206f6e2032382e30352e323030380d0a2d2d3e0d0a3c686561643e0d0a3c7469746c653e54696d655265636f7264696e67202d20416e6d656c64656e3c2f7469746c653e0d0a3c6d65746120687474702d65717569763d22636f6e74656e742d7374796c652d747970652220636f6e74656e743d22746578742f6373733b20636861727365743d5554462d3822202f3e0d0a3c6d65746120687474702d65717569763d22636f6e74656e742d7363726970742d74797065220d0a09636f6e74656e743d22746578742f6a6176617363726970743b20636861727365743d5554462d3822202f3e0d0a3c6d65746120687474702d65717569763d22636f6e74656e742d747970652220636f6e74656e743d22746578742f7868746d6c3b20636861727365743d5554462d3822202f3e0d0a3c6d65746120687474702d65717569763d22636f6e74656e742d6c616e67756167652220636f6e74656e743d22646522202f3e0d0a3c6d65746120687474702d65717569763d22657870697265732220636f6e74656e743d223022202f3e0d0a3c6d65746120687474702d65717569763d22707261676d612220636f6e74656e743d226e6f2d636163686522202f3e0d0a3c6d657461206e616d653d22726576697369742220636f6e74656e743d2261667465722031206461797322202f3e0d0a3c6d657461206e616d653d22726576697369742d61667465722220636f6e74656e743d2231206461797322202f3e0d0a3c6d657461206e616d653d2261756469656e63652220636f6e74656e743d22616c6c22202f3e0d0a3c6d657461206e616d653d22726f626f74732220636f6e74656e743d22696e6465782c666f6c6c6f7722202f3e0d0a3c6d657461206e616d653d226c616e67756167652220636f6e74656e743d22646522202f3e0d0a3c6d657461206e616d653d22636f6e74656e742d6c616e67756167652220636f6e74656e743d22646522202f3e0d0a3c6d657461206e616d653d2267656e657261746f722220636f6e74656e743d224563706c697065205048502049444520332e332e3222202f3e0d0a3c6c696e6b20747970653d22746578742f637373222072656c3d227374796c6573686565742220687265663d222e2f7374796c657368656574732f6c6f67696e2e63737322202f3e0d0a3c6c696e6b20747970653d22746578742f637373222072656c3d227374796c6573686565742220687265663d222e2f7374796c657368656574732f6d656e752e63737322202f3e0d0a3c6c696e6b20747970653d22746578742f637373222072656c3d227374796c6573686565742220687265663d222e2f7374796c657368656574732f77696e646f772e63737322202f3e0d0a3c6c696e6b207265763d22686f6d652220687265663d222e2f2220747970653d22746578742f68746d6c22207469746c653d22696e64657822202f3e0d0a3c6c696e6b2072656c3d2269636f6e2220687265663d222e2f66617669636f6e2e69636f2220747970653d22696d6167652f782d69636f6e22202f3e0d0a3c6c696e6b2072656c3d2273686f72746375742069636f6e2220687265663d222e2f66617669636f6e2e69636f2220747970653d22696d6167652f782d69636f6e22202f3e0d0a3c736372697074206c616e67756167653d226a6176617363726970742220747970653d22746578742f6a61766173637269707422207372633d222e2f736372697074732f7374616e646172642e6a73223e3c2f7363726970743e0d0a3c736372697074206c616e67756167653d226a6176617363726970742220747970653d22746578742f6a61766173637269707422207372633d222e2f736372697074732f6578706c6f7265722e6a73223e3c2f7363726970743e0d0a3c2f686561643e0d0a3c626f64793e0d0a3c6469762069643d226572726f7273223e3c212d2d4552524f52532d2d3e3c2f6469763e0d0a3c212d2d202a2a2a2a2a2a2a2a2a2a2a2a2a204c4f47494e20464f524d202a2a2a2a2a2a2a2a2a2a2a2a2a2a2a202d2d3e0d0a3c666f726d20656e63747970653d226d756c7469706172742f666f726d2d646174612220616374696f6e3d2222206d6574686f643d22706f7374220d0a097461726765743d225f73656c66222069643d226c6f67696e666f726d223e0d0a093c696e70757420747970653d2268696464656e22206e616d653d22706167652220202076616c75653d22686f6d6522202f3e0d0a093c696e70757420747970653d2268696464656e22206e616d653d22736964222020202076616c75653d227b7b5349447d7d22202f3e0d0a093c696e70757420747970653d2268696464656e22206e616d653d22616374696f6e222076616c75653d226c6f67696e22202f3e0d0a3c6469762069643d226c6f67696e5f77696e646f77223e0d0a3c6469762069643d226c6f67696e5f77696e646f775f746f70223e416e6d656c64656e3c2f6469763e0d0a3c6469762069643d226c6f67696e5f77696e646f775f63656e746572223e3c6c6162656c20666f723d224c6f67696e557365726e616d65223e3c696e7075740d0a09636c6173733d226c6f67696e746578742220747970653d227465787422206e616d653d224c6f67696e557365726e616d652220746162696e6465783d2231220d0a0969643d224c6f67696e557365726e616d6522202f3e42656e75747a65723a3c2f6c6162656c3e203c6c6162656c20666f723d224c6f67696e50617373776f7264223e3c696e7075740d0a09636c6173733d226c6f67696e746578742220747970653d2270617373776f726422206e616d653d224c6f67696e50617373776f72642220746162696e6465783d2232220d0a0969643d224c6f67696e50617373776f726422202f3e4b656e6e776f72743a3c2f6c6162656c3e203c696e7075740d0a096e616d653d225375626d69742220747970653d227375626d6974222069643d226c6f67696e7375626d69742220746162696e6465783d2234222076616c75653d224f4b22202f3e0d0a093c6120687265663d222e2f3f706167653d70617373776422207461726765743d225f73656c662220636c6173733d226c6f67696e706173737764223e50617373776f72742076657267657373656e3f3c2f613e0d0a3c2f6469763e0d0a3c6469762069643d226c6f67696e5f77696e646f775f626f74746f6d223e3c2f6469763e0d0a3c2f6469763e0d0a3c2f666f726d3e0d0a3c212d2d202a2a2a2a2a2a2a2a2a2a2a2a2a20464f4f544552202a2a2a2a2a2a2a2a2a2a2a2a2a2a2a2a2a2a2a202d2d3e0d0a3c6469762069643d22666f6f746572223e3c610d0a09687265663d22687474703a2f2f76616c696461746f722e77332e6f72672f636865636b3f7572693d7265666572657226616d703b646f63747970653d496e6c696e6526616d703b73733d3126616d703b6f75746c696e653d3126616d703b67726f75703d3026616d703b4e6f3230303d3126616d703b766572626f73653d3126616d703b73743d31220d0a097461726765743d225f626c616e6b22207469746c653d2256616c6964205848544d4c20312e30223e203c696d67207374796c653d22626f726465723a206e6f6e65220d0a097372633d222e2f696d616765732f76616c69645f7868746d6c2e706e672220616c743d2256616c6964205848544d4c20312e30222077696474683d223830220d0a096865696768743d22313522202f3e3c2f613e266e6273703b3c610d0a09687265663d22687474703a2f2f6a69677361772e77332e6f72672f6373732d76616c696461746f722f636865636b2f7265666572657222207461726765743d225f626c616e6b220d0a097469746c653d2256616c69642043535320322e31223e203c696d67207374796c653d22626f726465723a206e6f6e65220d0a097372633d222e2f696d616765732f76616c69645f6373732e706e672220616c743d2256616c69642043535320322e31222077696474683d22383022206865696768743d22313522202f3e0d0a3c2f613e3c2f6469763e0d0a3c2f626f64793e0d0a3c2f68746d6c3e),
('passwd.email.html', 0x3c21444f43545950452068746d6c205055424c494320222d2f2f5733432f2f445444205848544d4c20312e30205472616e736974696f6e616c2f2f454e222022687474703a2f2f7777772e77332e6f72672f54522f7868746d6c312f4454442f7868746d6c312d7472616e736974696f6e616c2e647464223e0d0a3c68746d6c20786d6c3a6c616e673d22646522206c616e673d2264652220786d6c6e733d22687474703a2f2f7777772e77332e6f72672f313939392f7868746d6c223e3c686561643e3c7374796c6520747970653d22746578742f637373223e0d0a424f4459207b6261636b67726f756e642d636f6c6f723a20234343434343433b6261636b67726f756e643a20234343434343433b666f6e742d66616d696c793a2076657264616e612c20617269616c3b666f6e742d73697a653a20313270783b6d617267696e3a20303b70616464696e673a20303b7d0d0a5444207b666f6e742d7765696768743a20626f6c643b20666f6e742d73697a653a313270783b7d0d0a2e686f6d6570616765207b706f736974696f6e3a206162736f6c7574653b6c6566743a20313070783b626f74746f6d3a20313070783b636f6c6f723a20233636363636363b746578742d6465636f726174696f6e3a206e6f6e653b7d0d0a236c6f67696e5f77696e646f77207b706f736974696f6e3a206162736f6c7574653b6c6566743a20313070783b746f703a20313070783b77696474683a2033323670783b6865696768743a2032323070783b6261636b67726f756e643a2075726c28222e2f696d616765732f6c6f67696e5f62675f746f702e706e672229206e6f2d72657065617420746f70206c6566743b6f766572666c6f773a2076697369626c653b7d0d0a236c6f67696e5f77696e646f775f746f70207b706f736974696f6e3a2072656c61746976653b77696474683a2033323670783b6865696768743a20383970783b666f6e742d73697a653a20313470783b666f6e742d7765696768743a20626f6c643b636f6c6f723a2077686974653b746f703a203670783b6c6566743a20313270783b7d0d0a236c6f67696e5f77696e646f775f63656e746572207b77696474683a2033323670783b6865696768743a2031323570783b6261636b67726f756e643a2075726c28222e2f696d616765732f6c6f67696e5f62675f63656e7465722e706e672229207265706561742d7920746f70206c6566743b7d0d0a236c6f67696e5f77696e646f775f626f74746f6d207b666f6e742d73697a653a20303b77696474683a2033323670783b6865696768743a203470783b6261636b67726f756e643a2075726c28222e2f696d616765732f6c6f67696e5f62675f626f74746f6d2e706e672229206e6f2d72657065617420626f74746f6d206c6566743b7d0d0a3c2f7374796c653e3c2f686561643e3c626f64793e0d0a3c6469762069643d226c6f67696e5f77696e646f77223e0d0a3c6469762069643d226c6f67696e5f77696e646f775f746f70223e49687265206e6575656e204c6f67696e646174656e3c2f6469763e0d0a3c6469762069643d226c6f67696e5f77696e646f775f63656e746572223e0d0a3c62722f3e0d0a203c7461626c652077696474683d2233303070782220626f726465723d2230222063656c6c73706163696e673d2234222063656c6c70616464696e673d2234223e0d0a20203c74723e0d0a2020203c74643e42656e75747a65723a203c2f74643e3c746420616c69676e3d227269676874223e7b7b555345527d7d3c2f74643e0d0a20203c2f74723e0d0a20203c74723e0d0a2020203c74643e4b656e6e776f72743a203c2f74643e3c746420616c69676e3d227269676874223e3c74743e7b7b504153537d7d3c2f74743e3c2f74643e0d0a20203c2f74723e0d0a203c2f7461626c653e0d0a203c6120687265663d227b7b55524c7d7d22207461726765743d225f626c616e6b22207469746c653d227b7b55524c7d7d2220636c6173733d22686f6d6570616765223e486f6d65706167653c2f613e0d0a3c2f6469763e3c6469762069643d226c6f67696e5f77696e646f775f626f74746f6d223e7b7b55524c7d7d3c2f6469763e0d0a3c2f6469763e3c2f626f64793e3c2f68746d6c3e),
('passwd.html', 0x3c21444f43545950452068746d6c205055424c494320222d2f2f5733432f2f445444205848544d4c20312e30205472616e736974696f6e616c2f2f454e222022687474703a2f2f7777772e77332e6f72672f54522f7868746d6c312f4454442f7868746d6c312d7472616e736974696f6e616c2e647464223e0d0a3c68746d6c20786d6c3a6c616e673d22646522206c616e673d2264652220786d6c6e733d22687474703a2f2f7777772e77332e6f72672f313939392f7868746d6c223e0d0a3c212d2d0d0a202a2043726561746564206f6e2032382e30352e323030380d0a2d2d3e0d0a3c686561643e0d0a3c7469746c653e54696d655265636f7264696e67202d2050617373776f72742076657267657373656e3c2f7469746c653e0d0a3c6d65746120687474702d65717569763d22636f6e74656e742d7374796c652d747970652220636f6e74656e743d22746578742f6373733b20636861727365743d5554462d3822202f3e0d0a3c6d65746120687474702d65717569763d22636f6e74656e742d7363726970742d74797065220d0a09636f6e74656e743d22746578742f6a6176617363726970743b20636861727365743d5554462d3822202f3e0d0a3c6d65746120687474702d65717569763d22636f6e74656e742d747970652220636f6e74656e743d22746578742f7868746d6c3b20636861727365743d5554462d3822202f3e0d0a3c6d65746120687474702d65717569763d22636f6e74656e742d6c616e67756167652220636f6e74656e743d22646522202f3e0d0a3c6d65746120687474702d65717569763d22657870697265732220636f6e74656e743d223022202f3e0d0a3c6d65746120687474702d65717569763d22707261676d612220636f6e74656e743d226e6f2d636163686522202f3e0d0a3c6d657461206e616d653d22726576697369742220636f6e74656e743d2261667465722031206461797322202f3e0d0a3c6d657461206e616d653d22726576697369742d61667465722220636f6e74656e743d2231206461797322202f3e0d0a3c6d657461206e616d653d2261756469656e63652220636f6e74656e743d22616c6c22202f3e0d0a3c6d657461206e616d653d22726f626f74732220636f6e74656e743d22696e6465782c666f6c6c6f7722202f3e0d0a3c6d657461206e616d653d226c616e67756167652220636f6e74656e743d22646522202f3e0d0a3c6d657461206e616d653d22636f6e74656e742d6c616e67756167652220636f6e74656e743d22646522202f3e0d0a3c6d657461206e616d653d2267656e657261746f722220636f6e74656e743d224563706c697065205048502049444520332e332e3222202f3e0d0a3c6c696e6b20747970653d22746578742f637373222072656c3d227374796c6573686565742220687265663d222e2f7374796c657368656574732f6c6f67696e2e63737322202f3e0d0a3c6c696e6b20747970653d22746578742f637373222072656c3d227374796c6573686565742220687265663d222e2f7374796c657368656574732f6d656e752e63737322202f3e0d0a3c6c696e6b20747970653d22746578742f637373222072656c3d227374796c6573686565742220687265663d222e2f7374796c657368656574732f77696e646f772e63737322202f3e0d0a3c6c696e6b207265763d22686f6d652220687265663d222e2f2220747970653d22746578742f68746d6c22207469746c653d22696e64657822202f3e0d0a3c6c696e6b2072656c3d2269636f6e2220687265663d222e2f66617669636f6e2e69636f2220747970653d22696d6167652f782d69636f6e22202f3e0d0a3c6c696e6b2072656c3d2273686f72746375742069636f6e2220687265663d222e2f66617669636f6e2e69636f2220747970653d22696d6167652f782d69636f6e22202f3e0d0a3c736372697074206c616e67756167653d226a6176617363726970742220747970653d22746578742f6a61766173637269707422207372633d222e2f736372697074732f7374616e646172642e6a73223e3c2f7363726970743e0d0a3c736372697074206c616e67756167653d226a6176617363726970742220747970653d22746578742f6a61766173637269707422207372633d222e2f736372697074732f6578706c6f7265722e6a73223e3c2f7363726970743e0d0a3c2f686561643e0d0a3c626f64793e0d0a3c6469762069643d226572726f7273223e3c212d2d4552524f52532d2d3e3c2f6469763e0d0a3c212d2d202a2a2a2a2a2a2a2a2a2a2a2a2a20524553455420464f524d202a2a2a2a2a2a2a2a2a2a2a2a2a2a2a202d2d3e0d0a3c666f726d20656e63747970653d226d756c7469706172742f666f726d2d646174612220616374696f6e3d2222206d6574686f643d22706f7374220d0a097461726765743d225f73656c66222069643d226c6f67696e666f726d223e0d0a093c696e70757420747970653d2268696464656e22206e616d653d22706167652220202076616c75653d2270617373776422202f3e0d0a093c696e70757420747970653d2268696464656e22206e616d653d22736964222020202076616c75653d227b7b5349447d7d22202f3e0d0a093c696e70757420747970653d2268696464656e22206e616d653d22616374696f6e222076616c75653d2270617373776422202f3e0d0a3c6469762069643d226c6f67696e5f77696e646f77223e0d0a3c6469762069643d226c6f67696e5f77696e646f775f746f70223e50617373776f72742076657267657373656e3f3c2f6469763e0d0a3c6469762069643d226c6f67696e5f77696e646f775f63656e746572223e3c6c6162656c20666f723d224c6f67696e557365726e616d65223e3c696e7075740d0a09636c6173733d226c6f67696e746578742220747970653d227465787422206e616d653d224c6f67696e557365726e616d652220746162696e6465783d2231220d0a0969643d224c6f67696e557365726e616d6522202f3e456d61696c616472657373653a3c2f6c6162656c3e203c696e7075740d0a096e616d653d225375626d69742220747970653d227375626d6974222069643d226c6f67696e7375626d69742220746162696e6465783d2234222076616c75653d224f4b22202f3e0d0a093c6120687265663d222e2f22207461726765743d225f73656c662220636c6173733d226c6f67696e706173737764223e7a75722675756d6c3b636b3c2f613e0d0a3c2f6469763e0d0a3c6469762069643d226c6f67696e5f77696e646f775f626f74746f6d223e3c2f6469763e0d0a3c2f6469763e0d0a3c2f666f726d3e0d0a3c212d2d202a2a2a2a2a2a2a2a2a2a2a2a2a20464f4f544552202a2a2a2a2a2a2a2a2a2a2a2a2a2a2a2a2a2a2a202d2d3e0d0a3c6469762069643d22666f6f746572223e3c610d0a09687265663d22687474703a2f2f76616c696461746f722e77332e6f72672f636865636b3f7572693d7265666572657226616d703b646f63747970653d496e6c696e6526616d703b73733d3126616d703b6f75746c696e653d3126616d703b67726f75703d3026616d703b4e6f3230303d3126616d703b766572626f73653d3126616d703b73743d31220d0a097461726765743d225f626c616e6b22207469746c653d2256616c6964205848544d4c20312e30223e203c696d67207374796c653d22626f726465723a206e6f6e65220d0a097372633d222e2f696d616765732f76616c69645f7868746d6c2e706e672220616c743d2256616c6964205848544d4c20312e30222077696474683d223830220d0a096865696768743d22313522202f3e3c2f613e266e6273703b3c610d0a09687265663d22687474703a2f2f6a69677361772e77332e6f72672f6373732d76616c696461746f722f636865636b2f7265666572657222207461726765743d225f626c616e6b220d0a097469746c653d2256616c69642043535320322e31223e203c696d67207374796c653d22626f726465723a206e6f6e65220d0a097372633d222e2f696d616765732f76616c69645f6373732e706e672220616c743d2256616c69642043535320322e31222077696474683d22383022206865696768743d22313522202f3e0d0a3c2f613e3c2f6469763e0d0a3c2f626f64793e0d0a3c2f68746d6c3e),
('setup.html', 0x3c21444f43545950452068746d6c205055424c494320222d2f2f5733432f2f445444205848544d4c20312e30205472616e736974696f6e616c2f2f454e222022687474703a2f2f7777772e77332e6f72672f54522f7868746d6c312f4454442f7868746d6c312d7472616e736974696f6e616c2e647464223e0d0a3c68746d6c20786d6c3a6c616e673d22646522206c616e673d2264652220786d6c6e733d22687474703a2f2f7777772e77332e6f72672f313939392f7868746d6c223e0d0a3c212d2d0d0a202a2043726561746564206f6e2032382e30352e323030380d0a2d2d3e0d0a3c686561643e0d0a3c7469746c653e54696d655265636f7264696e67202d2045696e7374656c6c756e67656e3c2f7469746c653e0d0a3c6d65746120687474702d65717569763d22636f6e74656e742d7374796c652d747970652220636f6e74656e743d22746578742f6373733b20636861727365743d5554462d3822202f3e0d0a3c6d65746120687474702d65717569763d22636f6e74656e742d7363726970742d74797065220d0a09636f6e74656e743d22746578742f6a6176617363726970743b20636861727365743d5554462d3822202f3e0d0a3c6d65746120687474702d65717569763d22636f6e74656e742d747970652220636f6e74656e743d22746578742f7868746d6c3b20636861727365743d5554462d3822202f3e0d0a3c6d65746120687474702d65717569763d22636f6e74656e742d6c616e67756167652220636f6e74656e743d22646522202f3e0d0a3c6d65746120687474702d65717569763d22657870697265732220636f6e74656e743d223022202f3e0d0a3c6d65746120687474702d65717569763d22707261676d612220636f6e74656e743d226e6f2d636163686522202f3e0d0a3c6d657461206e616d653d22726576697369742220636f6e74656e743d2261667465722031206461797322202f3e0d0a3c6d657461206e616d653d22726576697369742d61667465722220636f6e74656e743d2231206461797322202f3e0d0a3c6d657461206e616d653d2261756469656e63652220636f6e74656e743d22616c6c22202f3e0d0a3c6d657461206e616d653d22726f626f74732220636f6e74656e743d22696e6465782c666f6c6c6f7722202f3e0d0a3c6d657461206e616d653d226c616e67756167652220636f6e74656e743d22646522202f3e0d0a3c6d657461206e616d653d22636f6e74656e742d6c616e67756167652220636f6e74656e743d22646522202f3e0d0a3c6d657461206e616d653d2267656e657261746f722220636f6e74656e743d224563706c697065205048502049444520332e332e3222202f3e0d0a3c6c696e6b20747970653d22746578742f637373222072656c3d227374796c6573686565742220687265663d222e2f7374796c657368656574732f696e6465782e63737322202f3e0d0a3c6c696e6b20747970653d22746578742f637373222072656c3d227374796c6573686565742220687265663d222e2f7374796c657368656574732f6d656e752e63737322202f3e0d0a3c6c696e6b20747970653d22746578742f637373222072656c3d227374796c6573686565742220687265663d222e2f7374796c657368656574732f77696e646f772e63737322202f3e0d0a3c6c696e6b207265763d22686f6d652220687265663d222e2f2220747970653d22746578742f68746d6c22207469746c653d22696e64657822202f3e0d0a3c6c696e6b2072656c3d2269636f6e2220687265663d222e2f66617669636f6e2e69636f2220747970653d22696d6167652f782d69636f6e22202f3e0d0a3c6c696e6b2072656c3d2273686f72746375742069636f6e2220687265663d222e2f66617669636f6e2e69636f2220747970653d22696d6167652f782d69636f6e22202f3e0d0a3c736372697074206c616e67756167653d226a6176617363726970742220747970653d22746578742f6a61766173637269707422207372633d222e2f736372697074732f7374616e646172642e6a73223e3c2f7363726970743e0d0a3c736372697074206c616e67756167653d226a6176617363726970742220747970653d22746578742f6a61766173637269707422207372633d222e2f736372697074732f6578706c6f7265722e6a73223e3c2f7363726970743e0d0a3c2f686561643e0d0a3c626f64793e0d0a3c212d2d202a2a2a2a2a2a2a2a2a2a2a2a2a20544f50204d454e5520424152202a2a2a2a2a2a2a2a2a2a2a2a2a202d2d3e0d0a3c6469762069643d226d656e75223e3c212d2d4d454e552d2d3e3c2f6469763e0d0a3c212d2d202a2a2a2a2a2a2a2a2a2a2a2a2a20484953544f52592057494e444f5753202a2a2a2a2a2a2a2a2a2a202d2d3e0d0a3c64697620636c6173733d2277696e220d0a097374796c653d2277696474683a2039373070783b206865696768743a2034373070783b206c6566743a20313070783b20746f703a20353070783b223e0d0a3c64697620636c6173733d2277696e5f636f726e65725f6c74223e3c2f6469763e0d0a3c64697620636c6173733d2277696e5f62675f746f7022207374796c653d2277696474683a2039333070783b223e42656e75747a657276657277616c74756e673c2f6469763e0d0a3c64697620636c6173733d2277696e5f636f726e65725f7274223e3c2f6469763e0d0a3c627220636c6561723d22616c6c22202f3e0d0a3c64697620636c6173733d2277696e5f62675f6c65667422207374796c653d226865696768743a2032343070783b223e3c2f6469763e0d0a3c64697620636c6173733d2277696e5f62675f63656e74657222207374796c653d2277696474683a2039333070783b206865696768743a2032343070783b223e3c212d2d555345525f5441424c452d2d3e0d0a3c2f6469763e0d0a3c64697620636c6173733d2277696e5f62675f726967687422207374796c653d226865696768743a2032343070783b223e3c2f6469763e0d0a3c627220636c6561723d22616c6c22202f3e0d0a3c64697620636c6173733d2277696e5f636f726e65725f6c62223e3c2f6469763e0d0a3c64697620636c6173733d2277696e5f62675f626f74746f6d22207374796c653d2277696474683a2039333070783b223e3c2f6469763e0d0a3c64697620636c6173733d2277696e5f636f726e65725f7262223e3c2f6469763e0d0a3c2f6469763e0d0a3c212d2d202a2a2a2a2a2a2a2a2a2a2a2a2a2055534552204d455353414745532057494e444f57202a2a2a2a2a202d2d3e0d0a3c64697620636c6173733d2277696e220d0a097374796c653d2277696474683a2039373070783b206865696768743a2031383070783b206c6566743a20313070783b20746f703a2033393070783b223e0d0a3c64697620636c6173733d2277696e5f636f726e65725f6c74223e3c2f6469763e0d0a3c64697620636c6173733d2277696e5f62675f746f7022207374796c653d2277696474683a2039333070783b223e4d69747465696c756e67656e3c2f6469763e0d0a3c64697620636c6173733d2277696e5f636f726e65725f7274223e3c2f6469763e0d0a3c627220636c6561723d22616c6c22202f3e0d0a3c64697620636c6173733d2277696e5f62675f6c65667422207374796c653d226865696768743a20383070783b223e3c2f6469763e0d0a3c64697620636c6173733d2277696e5f62675f63656e74657222207374796c653d2277696474683a2039333070783b206865696768743a20383070783b223e0d0a3c7370616e20636c6173733d2274696d657273223e3c212d2d54494d4552532d2d3e3c2f7370616e3e0d0a3c68722f3e0d0a3c7370616e20636c6173733d226572726f7273223e3c212d2d4552524f52532d2d3e3c2f7370616e3e0d0a3c2f6469763e0d0a3c64697620636c6173733d2277696e5f62675f726967687422207374796c653d226865696768743a20383070783b223e3c2f6469763e0d0a3c627220636c6561723d22616c6c22202f3e0d0a3c64697620636c6173733d2277696e5f636f726e65725f6c62223e3c2f6469763e0d0a3c64697620636c6173733d2277696e5f62675f626f74746f6d22207374796c653d2277696474683a2039333070783b223e3c2f6469763e0d0a3c64697620636c6173733d2277696e5f636f726e65725f7262223e3c2f6469763e0d0a3c2f6469763e0d0a3c212d2d202a2a2a2a2a2a2a2a2a2a2a2a2a20464f4f544552202a2a2a2a2a2a2a2a2a2a2a2a2a2a2a2a2a2a2a202d2d3e0d0a3c6469762069643d22666f6f746572223e3c610d0a09687265663d22687474703a2f2f76616c696461746f722e77332e6f72672f636865636b3f7572693d7265666572657226616d703b646f63747970653d496e6c696e6526616d703b73733d3126616d703b6f75746c696e653d3126616d703b67726f75703d3026616d703b4e6f3230303d3126616d703b766572626f73653d3126616d703b73743d31220d0a097461726765743d225f626c616e6b22207469746c653d2256616c6964205848544d4c20312e30223e203c696d67207374796c653d22626f726465723a206e6f6e65220d0a097372633d222e2f696d616765732f76616c69645f7868746d6c2e706e672220616c743d2256616c6964205848544d4c20312e30222077696474683d223830220d0a096865696768743d22313522202f3e3c2f613e266e6273703b3c610d0a09687265663d22687474703a2f2f6a69677361772e77332e6f72672f6373732d76616c696461746f722f636865636b2f7265666572657222207461726765743d225f626c616e6b220d0a097469746c653d2256616c69642043535320322e31223e203c696d67207374796c653d22626f726465723a206e6f6e65220d0a097372633d222e2f696d616765732f76616c69645f6373732e706e672220616c743d2256616c69642043535320322e31222077696474683d22383022206865696768743d22313522202f3e0d0a3c2f613e3c2f6469763e0d0a3c2f626f64793e0d0a3c2f68746d6c3e);

-- --------------------------------------------------------

--
-- Tabellenstruktur für Tabelle `tr_users`
--
-- Erzeugt am: 07. Juni 2008 um 13:19
--

DROP TABLE IF EXISTS `tr_users`;
CREATE TABLE IF NOT EXISTS `tr_users` (
  `mid` int(11) unsigned NOT NULL auto_increment COMMENT 'MitarbeiterID',
  `gid` int(11) unsigned NOT NULL default '2' COMMENT 'GruppenID',
  `email` varchar(128) collate latin1_general_ci NOT NULL COMMENT 'Emailadresse',
  `password` varchar(32) collate latin1_general_ci NOT NULL COMMENT 'Kennwort',
  `firstname` varchar(128) collate latin1_general_ci NOT NULL COMMENT 'Vorname',
  `lastname` varchar(128) collate latin1_general_ci NOT NULL COMMENT 'Nachname',
  PRIMARY KEY  (`mid`),
  KEY `groupid` (`gid`)
) ENGINE=InnoDB  DEFAULT CHARSET=latin1 COLLATE=latin1_general_ci COMMENT='Benutzer' AUTO_INCREMENT=7 ;

--
-- RELATIONEN DER TABELLE `tr_users`:
--   `gid`
--       `tr_groups` -> `gid`
--

--
-- Daten für Tabelle `tr_users`
--

INSERT INTO `tr_users` (`mid`, `gid`, `email`, `password`, `firstname`, `lastname`) VALUES
(0, 0, 'root@localhost', 'c2529548288123a03a39201d0e4ef8bc', 'ROOT', 'ROOT'),
(1, 2, 'patrick.kracht@googlemail.com', '286b0b61b31f6ee9dd960b618a227f6e', 'Patrick', 'Kracht'),
(2, 2, 'nobody@localhost', 'dc6e06843180ee64bc12337bf060a508', 'Nobody', 'Noname'),
(3, 2, 'valentin.kunz@gmx.de', '2e04d0b11c1050d61ee168018849525a', 'Valentin', 'Kunz'),
(4, 2, 'manuel@wopfner.de', '265f00349c225f0a46774aa77074a462', 'Manuel', 'Wopfner'),
(5, 2, 'ralph.goeschner@web.de', 'd265fa2e83ebbe670189fcf96937af67', 'Galph', 'Goeschner'),
(6, 2, 'thorsten.moll@gmx.de', 'b0df154d0607acb49cc56d62d0b65675', 'Thorsten', 'Moll');

--
-- Constraints der exportierten Tabellen
--

--
-- Constraints der Tabelle `tr_bookings`
--
ALTER TABLE `tr_bookings`
  ADD CONSTRAINT `tr_bookings_ibfk_1` FOREIGN KEY (`mid`) REFERENCES `tr_users` (`mid`) ON UPDATE CASCADE,
  ADD CONSTRAINT `tr_bookings_ibfk_2` FOREIGN KEY (`symid`) REFERENCES `tr_symbols` (`symid`) ON UPDATE CASCADE;

--
-- Constraints der Tabelle `tr_users`
--
ALTER TABLE `tr_users`
  ADD CONSTRAINT `tr_users_ibfk_1` FOREIGN KEY (`gid`) REFERENCES `tr_groups` (`gid`) ON UPDATE CASCADE;

SET FOREIGN_KEY_CHECKS=1;
